title,description,link
Melih's Corner - CEO Talk/Discussions/Blog,Discuss Comodo and its products with the CEO of Comodo,https://forums.comodo.com/melihs-corner-ceo-talkdiscussionsblog-b36.0/
General Announcements ,Global announcements that are not product or topic specific.,https://forums.comodo.com/general-announcements-b537.0/
Comodo.TV - Our Internet Video Channel,Information and discussion about Comodo.TV,https://forums.comodo.com/comodotv-our-internet-video-channel-b180.0/
Which Product do you want Comodo to develop next?,Please tell us your views on what we could develop next,https://forums.comodo.com/which-product-do-you-want-comodo-to-develop-next-b24.0/
How Can I Help Comodo? (Please We Need You!),Want to support Comodo?,https://forums.comodo.com/how-can-i-help-comodo-please-we-need-you-b39.0/
General Discussion (off topic) Anything and everything...,Feel free to talk about anything and everything in this board.,https://forums.comodo.com/general-discussion-off-topic-anything-and-everything-b1.0/
Comodo Internet Security - CIS,"Comodo Firewall, AntiVirus and Defense+",https://forums.comodo.com/comodo-internet-security-cis-b125.0/
Comodo Online Security - COS,Browser extensions to protect against online malicious and phishing threats,https://forums.comodo.com/comodo-online-security-cos-b519.0/
Internet Security Essentials,Comodo Internet Security Essentials (ISE) protects you from man-in-the-middle attacks during online banking and shopping sessions by verifying that sites you connect to are using a trusted SSL certificate.,https://forums.comodo.com/internet-security-essentials-b483.0/
Comodo Cleaning Essentials + KillSwitch & Autoruns - CCE,All the tools you need to clean an infected system!,https://forums.comodo.com/comodo-cleaning-essentials-killswitch-autoruns-cce-b246.0/
Comodo Hijack Cleaner - CHC,Comodo Hijack Cleaner protects you online by testing every aspect of your browser is secure.,https://forums.comodo.com/comodo-hijack-cleaner-chc-b530.0/
Comodo Antivirus for Mac OS X - CAVM,"Discussion board for COMODO Antivirus on Mac operating systems,Moderator: ,Yanghua Fang",https://forums.comodo.com/comodo-antivirus-for-mac-os-x-cavm-b267.0/
Comodo Antivirus for Linux - CAVL,Discussion board for COMODO Antivirus on Linux operating systems,https://forums.comodo.com/comodo-antivirus-for-linux-cavl-b275.0/
Comodo Mobile Security - CMS,Discussion board for security products for mobile platforms,https://forums.comodo.com/comodo-mobile-security-cms-b268.0/
"Comodo Adblocker - Windows, IOS and Android","Adblocker,Moderator: ,goker",https://forums.comodo.com/comodo-adblocker-windows-ios-and-android-b410.0/
Comodo Dragon - CD,Browse the web safe and secure,https://forums.comodo.com/comodo-dragon-cd-b193.0/
Comodo IceDragon - CID,"Browse the web safe and secure,Moderator: ,Alp Eren Kaplan",https://forums.comodo.com/comodo-icedragon-cid-b281.0/
Comodo One Home Edition,,https://forums.comodo.com/comodo-one-home-edition-b411.0/
Comodo Secure DNS - DNS,Secure DNS and DNS filtering,https://forums.comodo.com/comodo-secure-dns-dns-b261.0/
Comodo TrustConnect - CTC,Protect your wireless traffic on untrusted access points,https://forums.comodo.com/comodo-trustconnect-ctc-b103.0/
Comodo WebInspector - CWI,"WebInspector is the next dimension of website security scanning.
",https://forums.comodo.com/comodo-webinspector-cwi-b240.0/
Comodo Valkyrie - FLS,"Automated Analysis System, verify files to see if they are suspicious or not",https://forums.comodo.com/comodo-valkyrie-fls-b274.0/
Comodo Time Machine - CTM,Let your computer's data travel back in time,https://forums.comodo.com/comodo-time-machine-ctm-b177.0/
GeekBuddy & Live PC Support,"Only for users with a valid subscription to GeekBuddy or Live PC Support,Moderators: ,Alp Eren Kaplan,, ,Alper GÜNGÖR",https://forums.comodo.com/geekbuddy-live-pc-support-b169.0/
Digital Certificates,Comodo offers a complete range of digital certificates with the strongest SSL encryption available,https://forums.comodo.com/digital-certificates-b220.0/
cWATCH,"Managed Cloud Security,Moderator: ,ulas_kula",https://forums.comodo.com/cwatch-b412.0/
Korugan Unified Threat Management,"Simpler, Faster, Stronger,Moderator: ,bulut",https://forums.comodo.com/korugan-unified-threat-management-b363.0/
Comodo KoruMail - Secure Email Gateway,Comodo's New Secure Email Gateway,https://forums.comodo.com/comodo-korumail-secure-email-gateway-b371.0/
Comodo NxSIEM,"Next Generation Security Information and Event Management,Moderator: ,ulas_kula",https://forums.comodo.com/comodo-nxsiem-b375.0/
Comodo Dome,"Cloud Based Secure Web Gateway,Moderator: ,bulut",https://forums.comodo.com/comodo-dome-b386.0/
Comodo MSSP platform,"Cloud based umbrella platform for MSPs and MSSPs,Moderator: ,ulas_kula",https://forums.comodo.com/comodo-mssp-platform-b376.0/
PCI DSS Compliance,Painless PCI Compliance scanning (Free Trial),https://forums.comodo.com/pci-dss-compliance-b117.0/
Comodo Backup Enterprise,"Fast, reliable backups to local storage or cloud storage or both, simultaneously",https://forums.comodo.com/comodo-backup-enterprise-b361.0/
Comodo Endpoint Security Manager,Centrally manage your Enterprise Internet Security,https://forums.comodo.com/comodo-endpoint-security-manager-b115.0/
Two Factor Authentication for Web Applications,"""Banking"" grade two factor authentication for Web access",https://forums.comodo.com/two-factor-authentication-for-web-applications-b110.0/
Comodo Mobile Device Management,Brand new mobile device management solution from Comodo,https://forums.comodo.com/comodo-mobile-device-management-b344.0/
Trustlogo,Real-time verification of website identities,https://forums.comodo.com/trustlogo-b10.0/
Hacker Guardian,Offers merchants the fastest and clearest path to total PCI Compliance (Free Trial),https://forums.comodo.com/hacker-guardian-b6.0/
Comodo AntiSpam Gateway - Hosted Anti Spam Service,,https://forums.comodo.com/comodo-antispam-gateway-hosted-anti-spam-service-b254.0/
Free Modsecurity rules - Comodo Web Application Firewall,"Free Modsecurity rules,Moderators: ,vadim,, ,Cwaf_Team",https://forums.comodo.com/free-modsecurity-rules-comodo-web-application-firewall-b223.0/
General Security Questions and Comments,Non-product related only please.,https://forums.comodo.com/general-security-questions-and-comments-b85.0/
Virus/Malware Removal Assistance,Looking for user help with removing malware?,https://forums.comodo.com/virusmalware-removal-assistance-b58.0/
Leak Testing/Attacks/Vulnerability Research,Discussion about attack techniques against firewalls,https://forums.comodo.com/leak-testingattacksvulnerability-research-b55.0/
"Digital Certificates, Encryption and Digital Signing","Discussion about Digital Certificates, Encryption and Signing",https://forums.comodo.com/digital-certificates-encryption-and-digital-signing-b71.0/
Other Security Products,"Non-Comodo security products.  Examples: anti-virus, anti-malware, anti-phishing, HIPS, firewalls from other vendors.",https://forums.comodo.com/other-security-products-b68.0/
International Comodo Forums,Looking for help in your own language?,https://forums.comodo.com/international-comodo-forums-b27.0/
Discontinued Products,All End-Of-Life and other discontinued products archive,https://forums.comodo.com/discontinued-products-b219.0/
Comodo Wiki Project ,Closed,https://forums.comodo.com/comodo-wiki-project-b123.0/
title,description,link
Melih's Corner - CEO Talk/Discussions/Blog,Discuss Comodo and its products with the CEO of Comodo,https://forums.comodo.com/melihs-corner-ceo-talkdiscussionsblog-b36.0/
General Announcements ,Global announcements that are not product or topic specific.,https://forums.comodo.com/general-announcements-b537.0/
Comodo.TV - Our Internet Video Channel,Information and discussion about Comodo.TV,https://forums.comodo.com/comodotv-our-internet-video-channel-b180.0/
Which Product do you want Comodo to develop next?,Please tell us your views on what we could develop next,https://forums.comodo.com/which-product-do-you-want-comodo-to-develop-next-b24.0/
How Can I Help Comodo? (Please We Need You!),Want to support Comodo?,https://forums.comodo.com/how-can-i-help-comodo-please-we-need-you-b39.0/
General Discussion (off topic) Anything and everything...,Feel free to talk about anything and everything in this board.,https://forums.comodo.com/general-discussion-off-topic-anything-and-everything-b1.0/
Comodo Internet Security - CIS,"Comodo Firewall, AntiVirus and Defense+",https://forums.comodo.com/comodo-internet-security-cis-b125.0/
Comodo Online Security - COS,Browser extensions to protect against online malicious and phishing threats,https://forums.comodo.com/comodo-online-security-cos-b519.0/
Internet Security Essentials,Comodo Internet Security Essentials (ISE) protects you from man-in-the-middle attacks during online banking and shopping sessions by verifying that sites you connect to are using a trusted SSL certificate.,https://forums.comodo.com/internet-security-essentials-b483.0/
Comodo Cleaning Essentials + KillSwitch & Autoruns - CCE,All the tools you need to clean an infected system!,https://forums.comodo.com/comodo-cleaning-essentials-killswitch-autoruns-cce-b246.0/
Comodo Hijack Cleaner - CHC,Comodo Hijack Cleaner protects you online by testing every aspect of your browser is secure.,https://forums.comodo.com/comodo-hijack-cleaner-chc-b530.0/
Comodo Antivirus for Mac OS X - CAVM,"Discussion board for COMODO Antivirus on Mac operating systems,Moderator: ,Yanghua Fang",https://forums.comodo.com/comodo-antivirus-for-mac-os-x-cavm-b267.0/
Comodo Antivirus for Linux - CAVL,Discussion board for COMODO Antivirus on Linux operating systems,https://forums.comodo.com/comodo-antivirus-for-linux-cavl-b275.0/
Comodo Mobile Security - CMS,Discussion board for security products for mobile platforms,https://forums.comodo.com/comodo-mobile-security-cms-b268.0/
"Comodo Adblocker - Windows, IOS and Android","Adblocker,Moderator: ,goker",https://forums.comodo.com/comodo-adblocker-windows-ios-and-android-b410.0/
Comodo Dragon - CD,Browse the web safe and secure,https://forums.comodo.com/comodo-dragon-cd-b193.0/
Comodo IceDragon - CID,"Browse the web safe and secure,Moderator: ,Alp Eren Kaplan",https://forums.comodo.com/comodo-icedragon-cid-b281.0/
Comodo One Home Edition,,https://forums.comodo.com/comodo-one-home-edition-b411.0/
Comodo Secure DNS - DNS,Secure DNS and DNS filtering,https://forums.comodo.com/comodo-secure-dns-dns-b261.0/
Comodo TrustConnect - CTC,Protect your wireless traffic on untrusted access points,https://forums.comodo.com/comodo-trustconnect-ctc-b103.0/
Comodo WebInspector - CWI,"WebInspector is the next dimension of website security scanning.
",https://forums.comodo.com/comodo-webinspector-cwi-b240.0/
Comodo Valkyrie - FLS,"Automated Analysis System, verify files to see if they are suspicious or not",https://forums.comodo.com/comodo-valkyrie-fls-b274.0/
Comodo Time Machine - CTM,Let your computer's data travel back in time,https://forums.comodo.com/comodo-time-machine-ctm-b177.0/
GeekBuddy & Live PC Support,"Only for users with a valid subscription to GeekBuddy or Live PC Support,Moderators: ,Alp Eren Kaplan,, ,Alper GÜNGÖR",https://forums.comodo.com/geekbuddy-live-pc-support-b169.0/
Digital Certificates,Comodo offers a complete range of digital certificates with the strongest SSL encryption available,https://forums.comodo.com/digital-certificates-b220.0/
cWATCH,"Managed Cloud Security,Moderator: ,ulas_kula",https://forums.comodo.com/cwatch-b412.0/
Korugan Unified Threat Management,"Simpler, Faster, Stronger,Moderator: ,bulut",https://forums.comodo.com/korugan-unified-threat-management-b363.0/
Comodo KoruMail - Secure Email Gateway,Comodo's New Secure Email Gateway,https://forums.comodo.com/comodo-korumail-secure-email-gateway-b371.0/
Comodo NxSIEM,"Next Generation Security Information and Event Management,Moderator: ,ulas_kula",https://forums.comodo.com/comodo-nxsiem-b375.0/
Comodo Dome,"Cloud Based Secure Web Gateway,Moderator: ,bulut",https://forums.comodo.com/comodo-dome-b386.0/
Comodo MSSP platform,"Cloud based umbrella platform for MSPs and MSSPs,Moderator: ,ulas_kula",https://forums.comodo.com/comodo-mssp-platform-b376.0/
PCI DSS Compliance,Painless PCI Compliance scanning (Free Trial),https://forums.comodo.com/pci-dss-compliance-b117.0/
Comodo Backup Enterprise,"Fast, reliable backups to local storage or cloud storage or both, simultaneously",https://forums.comodo.com/comodo-backup-enterprise-b361.0/
Comodo Endpoint Security Manager,Centrally manage your Enterprise Internet Security,https://forums.comodo.com/comodo-endpoint-security-manager-b115.0/
Two Factor Authentication for Web Applications,"""Banking"" grade two factor authentication for Web access",https://forums.comodo.com/two-factor-authentication-for-web-applications-b110.0/
Comodo Mobile Device Management,Brand new mobile device management solution from Comodo,https://forums.comodo.com/comodo-mobile-device-management-b344.0/
Trustlogo,Real-time verification of website identities,https://forums.comodo.com/trustlogo-b10.0/
Hacker Guardian,Offers merchants the fastest and clearest path to total PCI Compliance (Free Trial),https://forums.comodo.com/hacker-guardian-b6.0/
Comodo AntiSpam Gateway - Hosted Anti Spam Service,,https://forums.comodo.com/comodo-antispam-gateway-hosted-anti-spam-service-b254.0/
Free Modsecurity rules - Comodo Web Application Firewall,"Free Modsecurity rules,Moderators: ,vadim,, ,Cwaf_Team",https://forums.comodo.com/free-modsecurity-rules-comodo-web-application-firewall-b223.0/
General Security Questions and Comments,Non-product related only please.,https://forums.comodo.com/general-security-questions-and-comments-b85.0/
Virus/Malware Removal Assistance,Looking for user help with removing malware?,https://forums.comodo.com/virusmalware-removal-assistance-b58.0/
Leak Testing/Attacks/Vulnerability Research,Discussion about attack techniques against firewalls,https://forums.comodo.com/leak-testingattacksvulnerability-research-b55.0/
"Digital Certificates, Encryption and Digital Signing","Discussion about Digital Certificates, Encryption and Signing",https://forums.comodo.com/digital-certificates-encryption-and-digital-signing-b71.0/
Other Security Products,"Non-Comodo security products.  Examples: anti-virus, anti-malware, anti-phishing, HIPS, firewalls from other vendors.",https://forums.comodo.com/other-security-products-b68.0/
International Comodo Forums,Looking for help in your own language?,https://forums.comodo.com/international-comodo-forums-b27.0/
Discontinued Products,All End-Of-Life and other discontinued products archive,https://forums.comodo.com/discontinued-products-b219.0/
Comodo Wiki Project ,Closed,https://forums.comodo.com/comodo-wiki-project-b123.0/
title,description,link
Melih's Corner - CEO Talk/Discussions/Blog,Discuss Comodo and its products with the CEO of Comodo,https://forums.comodo.com/melihs-corner-ceo-talkdiscussionsblog-b36.0/
General Announcements ,Global announcements that are not product or topic specific.,https://forums.comodo.com/general-announcements-b537.0/
Comodo.TV - Our Internet Video Channel,Information and discussion about Comodo.TV,https://forums.comodo.com/comodotv-our-internet-video-channel-b180.0/
Which Product do you want Comodo to develop next?,Please tell us your views on what we could develop next,https://forums.comodo.com/which-product-do-you-want-comodo-to-develop-next-b24.0/
How Can I Help Comodo? (Please We Need You!),Want to support Comodo?,https://forums.comodo.com/how-can-i-help-comodo-please-we-need-you-b39.0/
General Discussion (off topic) Anything and everything...,Feel free to talk about anything and everything in this board.,https://forums.comodo.com/general-discussion-off-topic-anything-and-everything-b1.0/
Comodo Internet Security - CIS,"Comodo Firewall, AntiVirus and Defense+",https://forums.comodo.com/comodo-internet-security-cis-b125.0/
Comodo Online Security - COS,Browser extensions to protect against online malicious and phishing threats,https://forums.comodo.com/comodo-online-security-cos-b519.0/
Internet Security Essentials,Comodo Internet Security Essentials (ISE) protects you from man-in-the-middle attacks during online banking and shopping sessions by verifying that sites you connect to are using a trusted SSL certificate.,https://forums.comodo.com/internet-security-essentials-b483.0/
Comodo Cleaning Essentials + KillSwitch & Autoruns - CCE,All the tools you need to clean an infected system!,https://forums.comodo.com/comodo-cleaning-essentials-killswitch-autoruns-cce-b246.0/
Comodo Hijack Cleaner - CHC,Comodo Hijack Cleaner protects you online by testing every aspect of your browser is secure.,https://forums.comodo.com/comodo-hijack-cleaner-chc-b530.0/
Comodo Antivirus for Mac OS X - CAVM,"Discussion board for COMODO Antivirus on Mac operating systems,Moderator: ,Yanghua Fang",https://forums.comodo.com/comodo-antivirus-for-mac-os-x-cavm-b267.0/
Comodo Antivirus for Linux - CAVL,Discussion board for COMODO Antivirus on Linux operating systems,https://forums.comodo.com/comodo-antivirus-for-linux-cavl-b275.0/
Comodo Mobile Security - CMS,Discussion board for security products for mobile platforms,https://forums.comodo.com/comodo-mobile-security-cms-b268.0/
"Comodo Adblocker - Windows, IOS and Android","Adblocker,Moderator: ,goker",https://forums.comodo.com/comodo-adblocker-windows-ios-and-android-b410.0/
Comodo Dragon - CD,Browse the web safe and secure,https://forums.comodo.com/comodo-dragon-cd-b193.0/
Comodo IceDragon - CID,"Browse the web safe and secure,Moderator: ,Alp Eren Kaplan",https://forums.comodo.com/comodo-icedragon-cid-b281.0/
Comodo One Home Edition,,https://forums.comodo.com/comodo-one-home-edition-b411.0/
Comodo Secure DNS - DNS,Secure DNS and DNS filtering,https://forums.comodo.com/comodo-secure-dns-dns-b261.0/
Comodo TrustConnect - CTC,Protect your wireless traffic on untrusted access points,https://forums.comodo.com/comodo-trustconnect-ctc-b103.0/
Comodo WebInspector - CWI,"WebInspector is the next dimension of website security scanning.
",https://forums.comodo.com/comodo-webinspector-cwi-b240.0/
Comodo Valkyrie - FLS,"Automated Analysis System, verify files to see if they are suspicious or not",https://forums.comodo.com/comodo-valkyrie-fls-b274.0/
Comodo Time Machine - CTM,Let your computer's data travel back in time,https://forums.comodo.com/comodo-time-machine-ctm-b177.0/
GeekBuddy & Live PC Support,"Only for users with a valid subscription to GeekBuddy or Live PC Support,Moderators: ,Alp Eren Kaplan,, ,Alper GÜNGÖR",https://forums.comodo.com/geekbuddy-live-pc-support-b169.0/
Digital Certificates,Comodo offers a complete range of digital certificates with the strongest SSL encryption available,https://forums.comodo.com/digital-certificates-b220.0/
cWATCH,"Managed Cloud Security,Moderator: ,ulas_kula",https://forums.comodo.com/cwatch-b412.0/
Korugan Unified Threat Management,"Simpler, Faster, Stronger,Moderator: ,bulut",https://forums.comodo.com/korugan-unified-threat-management-b363.0/
Comodo KoruMail - Secure Email Gateway,Comodo's New Secure Email Gateway,https://forums.comodo.com/comodo-korumail-secure-email-gateway-b371.0/
Comodo NxSIEM,"Next Generation Security Information and Event Management,Moderator: ,ulas_kula",https://forums.comodo.com/comodo-nxsiem-b375.0/
Comodo Dome,"Cloud Based Secure Web Gateway,Moderator: ,bulut",https://forums.comodo.com/comodo-dome-b386.0/
Comodo MSSP platform,"Cloud based umbrella platform for MSPs and MSSPs,Moderator: ,ulas_kula",https://forums.comodo.com/comodo-mssp-platform-b376.0/
PCI DSS Compliance,Painless PCI Compliance scanning (Free Trial),https://forums.comodo.com/pci-dss-compliance-b117.0/
Comodo Backup Enterprise,"Fast, reliable backups to local storage or cloud storage or both, simultaneously",https://forums.comodo.com/comodo-backup-enterprise-b361.0/
Comodo Endpoint Security Manager,Centrally manage your Enterprise Internet Security,https://forums.comodo.com/comodo-endpoint-security-manager-b115.0/
Two Factor Authentication for Web Applications,"""Banking"" grade two factor authentication for Web access",https://forums.comodo.com/two-factor-authentication-for-web-applications-b110.0/
Comodo Mobile Device Management,Brand new mobile device management solution from Comodo,https://forums.comodo.com/comodo-mobile-device-management-b344.0/
Trustlogo,Real-time verification of website identities,https://forums.comodo.com/trustlogo-b10.0/
Hacker Guardian,Offers merchants the fastest and clearest path to total PCI Compliance (Free Trial),https://forums.comodo.com/hacker-guardian-b6.0/
Comodo AntiSpam Gateway - Hosted Anti Spam Service,,https://forums.comodo.com/comodo-antispam-gateway-hosted-anti-spam-service-b254.0/
Free Modsecurity rules - Comodo Web Application Firewall,"Free Modsecurity rules,Moderators: ,vadim,, ,Cwaf_Team",https://forums.comodo.com/free-modsecurity-rules-comodo-web-application-firewall-b223.0/
General Security Questions and Comments,Non-product related only please.,https://forums.comodo.com/general-security-questions-and-comments-b85.0/
Virus/Malware Removal Assistance,Looking for user help with removing malware?,https://forums.comodo.com/virusmalware-removal-assistance-b58.0/
Leak Testing/Attacks/Vulnerability Research,Discussion about attack techniques against firewalls,https://forums.comodo.com/leak-testingattacksvulnerability-research-b55.0/
"Digital Certificates, Encryption and Digital Signing","Discussion about Digital Certificates, Encryption and Signing",https://forums.comodo.com/digital-certificates-encryption-and-digital-signing-b71.0/
Other Security Products,"Non-Comodo security products.  Examples: anti-virus, anti-malware, anti-phishing, HIPS, firewalls from other vendors.",https://forums.comodo.com/other-security-products-b68.0/
International Comodo Forums,Looking for help in your own language?,https://forums.comodo.com/international-comodo-forums-b27.0/
Discontinued Products,All End-Of-Life and other discontinued products archive,https://forums.comodo.com/discontinued-products-b219.0/
Comodo Wiki Project ,Closed,https://forums.comodo.com/comodo-wiki-project-b123.0/
